Customer Name,Recency,Frequency,Monetary,Cluster
Abernathy Group ,1,353,24876667.0,0
Abernathy Group Pharmaceutical Limited,732,223,2079222.0,1
Abernathy Group Pharmacy,1,390,34635271.0,0
Abernathy and Sons ,1,376,20722227.0,0
Abernathy and Sons Pharmaceutical Limited,1,391,18857078.0,0
Armstrong Inc Pharm,1,361,24643385.0,0
Armstrong Inc Pharma Plc,1,422,12315560.0,0
"Armstrong, Medhurst and Bogisich Pharmaceutical Ltd",1,392,20459841.0,0
"Armstrong, Medhurst and Bogisich Pharmacy",1,385,12992274.0,0
Balistreri Group Pharm,1,395,18120449.0,0
Balistreri Group Pharmaceutical Ltd,732,206,4643931.0,1
Balistreri Group Pharmacy,1,381,13660437.0,0
"Balistreri, Torp and Gulgowski ",1,412,28802458.0,0
"Balistreri, Torp and Gulgowski Pharmacy",732,212,2792805.0,1
Balistreri-Watsica Pharma Plc,1,392,18531755.0,0
Balistreri-Watsica Pharmacy,732,239,6114088.0,1
Barrows Inc ,732,182,3190339.0,1
Barrows Inc Pharmaceutical Limited,1,372,18879087.0,0
Barrows Inc Pharmacy,1,360,26895847.0,0
"Barrows, Zboncak and Reichert Pharm",1,405,34539524.0,0
"Barrows, Zboncak and Reichert Pharma Plc",1,401,11129458.0,0
Barrows-Kohler Pharm,1,430,17624215.0,0
Barrows-Kohler Pharma Plc,1,397,24862159.0,0
Bartoletti-Altenwerth ,732,185,1993484.0,1
Bartoletti-Altenwerth Pharm,1,352,13173562.0,0
Barton Ltd Pharm,1,405,26870627.0,0
Barton Ltd Pharma Plc,732,191,2789921.0,1
Barton Ltd Pharmaceutical Limited,1,365,19688697.0,0
Bashirian Group ,1,359,12813673.0,0
Bashirian Group Pharmacy,1,365,18573169.0,0
Bashirian-Kassulke Pharma Plc,732,214,1997481.0,1
Bashirian-Kassulke Pharmacy,1,384,20508727.0,0
Bayer LLC ,1,417,34834444.0,0
Bayer LLC Pharm,1,381,12960048.0,0
Bayer LLC Pharmaceutical Ltd,732,205,2324731.0,1
"Beahan, Littel and Ondricka ",1,362,15585678.0,0
"Beahan, Littel and Ondricka Pharma Plc",1,373,17506161.0,0
"Beahan, Littel and Ondricka Pharmacy",732,199,2399758.0,1
"Beer, Kohler and Beatty ",1,389,27426626.0,0
"Beer, Kohler and Beatty Pharmaceutical Ltd",732,216,2959937.0,1
"Beer, Kohler and Beatty Pharmacy",1,387,20164440.0,0
Beier PLC ,1,405,13148370.25753,0
Beier PLC Pharm,1,426,25378116.40704,0
Beier PLC Pharma Plc,1,380,22310763.0,0
Beier PLC Pharmacy,732,202,3264824.0,1
"Bernier, Murphy and Rau Pharma Plc",1,368,14620034.0,0
"Bernier, Murphy and Rau Pharmaceutical Limited",1,392,25860721.0,0
"Bernier, Murphy and Rau Pharmaceutical Ltd",732,164,4338922.0,1
"Blanda, Stehr and Gleason Pharma Plc",1,389,17899263.0,0
"Blanda, Stehr and Gleason Pharmaceutical Ltd",1,361,15502581.0,0
"Blick, Pacocha and Schowalter ",732,225,4866124.0,1
"Blick, Pacocha and Schowalter Pharmaceutical Limited",1,388,12122039.0,0
"Blick, Pacocha and Schowalter Pharmacy",1,385,12145917.0,0
"Block, Thiel and Kuphal Pharm",1,372,19367044.0,0
"Block, Thiel and Kuphal Pharmaceutical Limited",1,382,17154476.0,0
Block-Romaguera ,1,412,21344191.0,0
Block-Romaguera Pharmaceutical Limited,732,217,3611190.0,1
Block-Romaguera Pharmacy,1,382,15793125.0,0
"Bogan, Jacobs and Kris Pharmaceutical Limited",1,380,13625131.0,0
"Bogan, Jacobs and Kris Pharmaceutical Ltd",1,378,31085593.0,0
"Bogan, Jacobs and Kris Pharmacy",732,207,2456080.0,1
Bosco-Marquardt Pharm,732,196,3124277.0,1
Bosco-Marquardt Pharmaceutical Limited,1,368,25433148.0,0
Bosco-Marquardt Pharmaceutical Ltd,1,386,29978482.0,0
Botsford PLC ,1,427,24768128.0,0
Botsford PLC Pharmacy,732,188,3338687.0,1
Botsford and Sons ,1,399,20852469.0,0
Botsford and Sons Pharma Plc,1,398,16780942.0,0
Botsford and Sons Pharmaceutical Ltd,732,206,4444486.0,1
Boyer and Sons ,1,419,17718374.0,0
Boyer and Sons Pharmaceutical Limited,732,229,6574331.0,1
Boyer and Sons Pharmaceutical Ltd,1,425,15911451.0,0
"Brakus, Rempel and Harber Pharm",1,400,13020611.0,0
"Brakus, Rempel and Harber Pharma Plc",732,175,1780951.0,1
"Brakus, Rempel and Harber Pharmacy",1,415,18095126.0,0
Breitenberg-Kuhn ,1,377,14175297.0,0
Breitenberg-Kuhn Pharma Plc,1,365,19173245.0,0
Breitenberg-Kuhn Pharmacy,732,208,3648594.0,1
Buckridge Inc Pharm,1,373,18752650.0,0
Buckridge Inc Pharmaceutical Limited,1,417,19855032.0,0
"Buckridge, Dach and Carroll ",1,399,18470960.0,0
"Buckridge, Dach and Carroll Pharmaceutical Limited",732,195,2606825.0,1
"Buckridge, Dach and Carroll Pharmaceutical Ltd",1,407,25142017.0,0
"Buckridge, Hand and Hyatt ",1,377,13511491.0,0
"Buckridge, Hand and Hyatt Pharma Plc",732,210,4539521.0,1
"Buckridge, Hand and Hyatt Pharmaceutical Ltd",1,417,36107411.0,0
Buckridge-Davis ,732,197,2894720.0,1
Buckridge-Davis Pharmaceutical Limited,1,403,26096674.0,0
Buckridge-Davis Pharmaceutical Ltd,1,412,17481679.0,0
Buckridge-Strosin Pharma Plc,1,412,30221186.0,0
Buckridge-Strosin Pharmaceutical Limited,732,184,2717132.0,1
Buckridge-Strosin Pharmaceutical Ltd,1,355,33261230.3419,0
Carter-Conn Pharm,1,376,17098169.0,0
Carter-Conn Pharma Plc,732,222,6825490.0,1
Carter-Conn Pharmaceutical Ltd,1,402,16124613.0,0
Cartwright-Fay ,1,400,17323557.0,0
Cartwright-Fay Pharmaceutical Ltd,1,372,16730721.0,0
"Casper, Hyatt and Jakubowski Pharmaceutical Limited",732,203,2748326.0,1
"Casper, Hyatt and Jakubowski Pharmaceutical Ltd",1,405,24533946.0,0
"Casper, Hyatt and Jakubowski Pharmacy",1,348,16258870.0,0
Cassin PLC Pharma Plc,1,401,26126485.0,0
Cassin PLC Pharmaceutical Limited,1,408,21760605.0,0
Cassin PLC Pharmacy,732,218,3055438.0,1
Collins-Schmidt Pharma Plc,1,373,13474719.361,0
Collins-Schmidt Pharmaceutical Limited,1,386,12781136.0,0
"Corkery, Trantow and Ferry Pharm",1,387,26198762.0,0
"Corkery, Trantow and Ferry Pharma Plc",1,375,20195908.0,0
Corkery-Kovacek Pharm,1,436,30091420.0,0
Corkery-Kovacek Pharma Plc,1,384,22438560.0,0
"Cormier, Dietrich and Zulauf Pharma Plc",732,184,4507086.0,1
"Cormier, Dietrich and Zulauf Pharmaceutical Limited",1,377,19559458.0,0
"Cormier, Dietrich and Zulauf Pharmacy",1,393,28329883.0,0
Cremin-Zemlak Pharma Plc,1,370,14709283.0,0
Cremin-Zemlak Pharmaceutical Limited,1,366,16188040.0,0
Crist Inc ,732,217,5137959.0,1
Crist Inc Pharma Plc,1,381,14113368.0,0
Crist Inc Pharmaceutical Ltd,1,371,13297454.0,0
Crist LLC ,1,363,14504025.0,0
Crist LLC Pharma Plc,1,367,17935445.0,0
Crist Ltd Pharma Plc,1,374,14899138.0,0
"Crist, Wisoky and Nolan Pharm",1,371,22827209.0,0
"Crist, Wisoky and Nolan Pharmaceutical Limited",1,379,15833467.0,0
"Crist, Wisoky and Nolan Pharmaceutical Ltd",732,222,4637033.0,1
Crona Group ,1,378,15164236.5,0
Crona Group Pharma Plc,732,206,3129089.0,1
Crona PLC Pharma Plc,732,210,2047523.0,1
Crona PLC Pharmaceutical Ltd,1,408,21129596.0,0
Crona PLC Pharmacy,1,380,15562126.0,0
Cummings LLC ,1,342,15615225.0,0
Cummings LLC Pharmaceutical Ltd,1,368,20236110.0,0
D'Amore and Sons ,732,209,2652079.0,1
D'Amore and Sons Pharm,1,428,26467886.0,0
D'Amore and Sons Pharmacy,1,421,14282238.0,0
Dach Ltd Pharm,1,399,16935870.0,0
Dach Ltd Pharma Plc,1,413,20993338.0,0
Dach PLC ,1,370,18546157.0,0
Dach PLC Pharm,1,376,26222321.0,0
"Daniel, Baumbach and Nitzsche ",1,376,23306130.0,0
"Daniel, Baumbach and Nitzsche Pharmacy",1,374,13915632.5089,0
Daugherty-Rempel Pharm,1,415,23762988.0,0
Daugherty-Rempel Pharma Plc,732,191,4546602.0,1
Daugherty-Rempel Pharmaceutical Limited,1,386,17559603.0,0
"Denesik, Walter and Beatty ",1,382,12650974.0,0
"Denesik, Walter and Beatty Pharma Plc",732,210,3484514.0,1
"Denesik, Walter and Beatty Pharmacy",1,408,15682041.0,0
Denesik-Hintz Pharm,732,222,2392035.0,1
Denesik-Hintz Pharma Plc,1,380,14681500.0,0
Denesik-Hintz Pharmaceutical Limited,1,356,14276666.0,0
Doyle-Tillman Pharm,1,379,17738035.0,0
Doyle-Tillman Pharmaceutical Limited,1,404,21692895.0,0
Doyle-Tillman Pharmaceutical Ltd,732,219,7158142.0,1
Durgan-Rice Pharmaceutical Ltd,1,389,19881661.979592,0
Durgan-Rice Pharmacy,1,391,18052321.0,0
"Effertz, Heaney and Tillman Pharm",1,397,16753635.0,0
"Effertz, Heaney and Tillman Pharma Plc",1,418,17984317.0,0
"Effertz, Heaney and Tillman Pharmaceutical Ltd",732,218,3432986.0,1
Emard-O'Connell Pharm,1,388,19971681.0,0
Emard-O'Connell Pharmaceutical Ltd,1,408,20531534.0,0
Emard-O'Connell Pharmacy,732,196,3676546.0,1
Erdman PLC ,1,370,18568129.0,0
Erdman PLC Pharma Plc,1,374,15429328.0,0
Erdman PLC Pharmacy,732,198,3183228.0,1
"Erdman, Senger and Oberbrunner Pharm",732,204,4230846.0,1
"Erdman, Senger and Oberbrunner Pharmaceutical Ltd",1,353,14186478.0,0
"Erdman, Senger and Oberbrunner Pharmacy",1,403,22043224.0,0
Fadel-West ,732,172,3189603.0,1
Fadel-West Pharmaceutical Ltd,1,365,36767294.0,0
Fadel-West Pharmacy,1,369,40355816.0,0
Fahey-Flatley ,1,381,14572760.0,0
Fahey-Flatley Pharmaceutical Ltd,1,405,21702505.0,0
Fahey-Prosacco Pharmaceutical Limited,1,364,24011986.0,0
Fahey-Prosacco Pharmacy,1,389,18990780.0,0
Feest PLC ,732,183,2021466.0,1
Feest PLC Pharmaceutical Limited,1,381,22126737.0,0
Feest PLC Pharmaceutical Ltd,1,393,18496533.0,0
Feest-Kshlerin ,1,393,13525280.0,0
Feest-Kshlerin Pharma Plc,1,372,10446536.0,0
Feest-Kshlerin Pharmaceutical Ltd,732,205,5283949.0,1
Feest-Roob Pharmaceutical Limited,1,419,16699897.0,0
Feest-Roob Pharmaceutical Ltd,732,196,2705799.0,1
Feest-Roob Pharmacy,1,377,12432676.0,0
Franecki Inc Pharma Plc,1,407,14514932.0,0
Franecki Inc Pharmacy,1,396,16460568.0,0
Friesen Group ,1,396,17341092.0,0
Friesen Group Pharm,1,392,24254576.0,0
Fritsch LLC Pharm,1,401,18245919.0,0
Fritsch LLC Pharmaceutical Ltd,1,377,24462152.0,0
"Fritsch, Hodkiewicz and Sipes Pharma Plc",1,437,23370239.0,0
"Fritsch, Hodkiewicz and Sipes Pharmacy",1,365,13618070.0,0
Fritsch-Hauck Pharm,1,346,13243526.0,0
Fritsch-Hauck Pharma Plc,732,207,2973355.0,1
Fritsch-Hauck Pharmaceutical Ltd,1,367,20050325.0,0
Funk PLC Pharm,1,408,17589925.00639,0
Funk PLC Pharma Plc,1,407,15286470.0,0
Funk PLC Pharmaceutical Limited,732,214,4191722.0,1
Funk and Sons Pharm,1,393,13871742.0,0
Funk and Sons Pharmaceutical Limited,732,204,3182287.0,1
Funk and Sons Pharmacy,1,390,27629333.6,0
"Funk, Ratke and Heaney ",1,386,29152180.0,0
"Funk, Ratke and Heaney Pharma Plc",1,397,18351514.0,0
"Funk, Ratke and Heaney Pharmacy",732,206,3897042.0,1
"Gerhold, Mills and Effertz ",1,388,10508296.0,0
"Gerhold, Mills and Effertz Pharm",732,186,3138581.0,1
"Gerhold, Mills and Effertz Pharma Plc",1,382,10465861.0,0
Gerlach LLC ,732,220,3319091.0,1
Gerlach LLC Pharma Plc,1,408,15092746.0,0
Gerlach LLC Pharmacy,1,388,18156445.25,0
Gerlach PLC Pharmaceutical Ltd,1,381,18232829.0,0
Gibson-Hill ,1,391,18790176.0,0
Gibson-Hill Pharma Plc,732,227,3867089.0,1
Gibson-Hill Pharmaceutical Limited,1,406,24554301.0,0
Gleason PLC Pharma Plc,1,382,18345826.0,0
Gleason PLC Pharmaceutical Limited,1,378,22282456.0,0
"Gleichner, Bahringer and Morar Pharma Plc",732,217,3312361.0,1
"Gleichner, Bahringer and Morar Pharmaceutical Limited",1,388,43779381.0,0
"Gleichner, Bahringer and Morar Pharmacy",1,384,15652843.0,0
Goldner-Tillman Pharm,1,396,37935553.0,0
Goldner-Tillman Pharmacy,1,399,22575320.0,0
Gottlieb-Cruickshank Pharm,1,386,16287002.0,0
Gottlieb-Cruickshank Pharma Plc,732,213,2848546.0,1
Gottlieb-Koss Pharm,1,391,30339224.0,0
Gottlieb-Koss Pharmacy,1,373,17658742.0,0
Graham and Sons Pharm,1,393,21646429.68342,0
Graham and Sons Pharma Plc,1,385,18293117.0,0
Graham and Sons Pharmacy,732,201,2682005.0,1
"Greenholt, Donnelly and O'Reilly Pharmaceutical Limited",732,211,2195889.0,1
"Greenholt, Donnelly and O'Reilly Pharmaceutical Ltd",1,375,17688642.0,0
"Grimes, Jacobs and Durgan Pharm",732,190,2243375.0,1
"Grimes, Jacobs and Durgan Pharma Plc",1,389,18473363.0,0
Gulgowski-Vandervort Pharm,1,428,16454043.0,0
Gulgowski-Vandervort Pharma Plc,1,384,26263639.0,0
"Haag, Bradtke and Terry ",1,429,36155634.0,0
"Haag, Bradtke and Terry Pharm",1,405,11107603.0,0
"Haag, Bradtke and Terry Pharmacy",732,200,2105639.0,1
"Hahn, Rutherford and Gislason Pharm",1,388,12465536.0,0
"Hahn, Rutherford and Gislason Pharmaceutical Limited",732,200,2348617.0,1
"Hahn, Rutherford and Gislason Pharmacy",1,401,13647046.0,0
Haley PLC Pharmaceutical Limited,732,188,3083122.0,1
Haley PLC Pharmacy,1,370,23473886.0,0
"Hammes, Bashirian and Pacocha ",1,384,13911219.0,0
"Hammes, Bashirian and Pacocha Pharmacy",1,383,11667849.0,0
Hane Ltd ,1,398,21229550.244147,0
Hane Ltd Pharmaceutical Ltd,1,368,18353020.0,0
Hansen Group Pharm,732,211,3631981.0,1
Hansen Group Pharmacy,1,399,17569970.0,0
"Hansen, Fadel and Schroeder Pharm",732,210,2225392.0,1
"Hansen, Fadel and Schroeder Pharma Plc",1,399,18012485.0,0
"Hansen, Fadel and Schroeder Pharmaceutical Ltd",1,412,18099093.0,0
"Harris, Daugherty and Okuneva Pharm",1,408,27261177.0,0
"Harris, Daugherty and Okuneva Pharma Plc",732,197,1948473.0,1
"Harris, Daugherty and Okuneva Pharmaceutical Limited",1,374,17697168.0,0
Harris-Conroy Pharm,1,421,23313821.0,0
Harris-Conroy Pharmacy,1,383,18059065.0,0
Hartmann-Wolf ,732,192,2101036.0,1
Hartmann-Wolf Pharmaceutical Limited,1,394,15002150.0,0
Hartmann-Wolf Pharmacy,1,407,22818672.0,0
Hayes-Kilback Pharma Plc,1,399,20511137.0,0
Hayes-Kilback Pharmaceutical Limited,1,379,37181108.0,0
Hayes-Kilback Pharmaceutical Ltd,732,217,3964929.0,1
"Heathcote, Grant and Witting Pharm",732,221,3030441.0,1
"Heathcote, Grant and Witting Pharmaceutical Limited",1,396,22097548.0,0
"Heathcote, Grant and Witting Pharmacy",1,364,29273736.0,0
"Heathcote, Kovacek and Parker ",1,409,16331539.0,0
Heidenreich Group Pharm,1,399,14083983.63317,0
Heidenreich Group Pharmaceutical Ltd,732,209,3849892.0,1
Heidenreich Group Pharmacy,1,400,30216194.0,0
Heller-Abernathy ,732,210,4394462.0,1
Heller-Abernathy Pharma Plc,1,400,17794218.0,0
Heller-Abernathy Pharmaceutical Limited,1,402,20685879.0,0
"Herman, Rice and Rippin ",732,206,2270513.0,1
"Herman, Rice and Rippin Pharm",1,409,20974624.0,0
"Herman, Rice and Rippin Pharmaceutical Limited",1,401,27376951.0,0
Herman-Koss Pharm,732,201,3426586.0,1
Herman-Koss Pharmaceutical Limited,1,389,20436900.04348,0
Herman-Koss Pharmaceutical Ltd,1,392,22849800.0,0
Hermiston LLC ,732,214,3507057.0,1
Hermiston LLC Pharm,1,366,14705734.0,0
Hermiston LLC Pharmaceutical Limited,1,384,18657693.7652,0
Hermiston LLC Pharmaceutical Ltd,1,371,16170352.0,0
Hermiston and Sons Pharma Plc,732,219,2715991.0,1
Hermiston and Sons Pharmaceutical Ltd,1,403,16744798.0,0
Hermiston and Sons Pharmacy,1,392,17283582.0,0
Hill Ltd ,732,213,3483214.0,1
Hill Ltd Pharma Plc,1,348,13628308.0,0
Hill Ltd Pharmaceutical Limited,1,373,15510941.0,0
Hill-Daniel ,1,374,20537571.0,0
Hill-Daniel Pharmaceutical Ltd,1,380,27600353.0,0
"Hills, Stroman and Ernser ",1,390,15665366.0,0
"Hills, Stroman and Ernser Pharm",732,197,2448488.0,1
"Hills, Stroman and Ernser Pharmaceutical Ltd",1,378,15004858.0,0
"Hirthe, Williamson and Macejkovic ",1,419,20701441.0,0
"Hirthe, Williamson and Macejkovic Pharma Plc",732,206,2735314.0,1
"Hirthe, Williamson and Macejkovic Pharmacy",1,391,19467179.0,0
Hoeger Ltd ,1,382,23303292.0,0
Hoeger Ltd Pharm,1,372,30914624.0,0
Homenick-Larson ,1,392,16467605.0,0
Homenick-Larson Pharmaceutical Ltd,1,390,17315988.0,0
Huel Inc Pharm,1,392,24169351.0,0
Huels-Klein ,1,403,23946371.0,0
Huels-Klein Pharmaceutical Ltd,1,391,14550335.0,0
Jacobs-Jones Pharma Plc,1,382,18970897.0,0
Jacobs-Jones Pharmaceutical Ltd,1,361,17303434.0,0
Jakubowski Inc Pharma Plc,1,416,13945119.0,0
Jakubowski Inc Pharmaceutical Limited,732,226,4784385.0,1
Jakubowski Inc Pharmacy,1,380,22199526.0,0
Jast-Cruickshank Pharma Plc,732,207,3665136.0,1
Jast-Cruickshank Pharmaceutical Ltd,1,382,19451890.0,0
Jast-Cruickshank Pharmacy,1,365,12331196.0,0
"Johns, Mueller and Nitzsche ",1,384,24712891.0,0
"Johns, Mueller and Nitzsche Pharma Plc",1,366,17268947.0,0
"Johnson, Friesen and Torphy Pharm",1,379,12656990.0,0
"Johnson, Friesen and Torphy Pharma Plc",732,189,3226534.0,1
Keeling LLC Pharmaceutical Limited,1,422,26532373.0,0
Keeling LLC Pharmacy,732,184,4530078.0,1
"Kertzmann, Quitzon and Harris ",1,395,20021173.0,0
"Kertzmann, Quitzon and Harris Pharma Plc",732,193,2819581.0,1
"Kertzmann, Quitzon and Harris Pharmaceutical Limited",1,382,14835040.0,0
Kertzmann-Ward Pharma Plc,732,197,3495786.0,1
Kertzmann-Ward Pharmaceutical Limited,1,378,23151949.0,0
Kihn Group ,1,401,26209384.0,0
Kihn Group Pharm,1,379,11299828.0,0
Kihn Group Pharmaceutical Limited,1,390,21723459.0,0
"Kilback, Beer and Batz ",1,369,23566905.0,0
"Kilback, Beer and Batz Pharma Plc",732,204,5009905.0,1
"Kirlin, Hamill and Dickinson Pharma Plc",1,361,13231664.0,0
"Kirlin, Hamill and Dickinson Pharmaceutical Limited",1,363,12394267.0,0
Kling Inc ,1,374,15751199.0,0
Kling Inc Pharm,1,388,13323467.0,0
Kling Inc Pharmaceutical Ltd,732,203,4017753.0,1
"Koch, Borer and Hagenes ",732,206,2787706.0,1
"Koch, Borer and Hagenes Pharm",1,383,26877575.0,0
"Koch, Borer and Hagenes Pharmaceutical Ltd",1,406,17054360.0,0
Koch-Osinski Pharm,732,185,2336644.0,1
Koch-Osinski Pharmaceutical Ltd,1,392,13539952.0,0
Koch-Osinski Pharmacy,1,370,18643316.0,0
"Koelpin, Luettgen and Abernathy Pharmaceutical Ltd",1,413,20073196.0,0
"Koelpin, Luettgen and Abernathy Pharmacy",1,389,18731547.0,0
Kohler-Bednar Pharm,1,375,26531140.0,0
Kohler-Bednar Pharmaceutical Ltd,1,406,21231109.0,0
Konopelski-Blick ,1,374,12360135.0,0
Konopelski-Blick Pharmaceutical Limited,1,377,14748118.0,0
Koss Ltd Pharma Plc,1,403,18642972.0,0
Koss Ltd Pharmaceutical Limited,732,202,6361234.0,1
Koss Ltd Pharmaceutical Ltd,1,397,20745807.31658,0
Koss-Beier ,732,230,3560602.0,1
Koss-Beier Pharmaceutical Limited,1,394,12833771.0,0
Koss-Beier Pharmacy,1,408,22042100.202429,0
Kozey Ltd Pharma Plc,1,410,36209584.0,0
Kozey Ltd Pharmaceutical Ltd,732,202,3927833.0,1
Kozey Ltd Pharmacy,1,372,21782008.0,0
Kozey-Emmerich ,1,388,20673989.0,0
Kozey-Emmerich Pharmacy,1,389,24471675.0,0
Kozey-Schroeder ,732,211,2692556.0,1
Kozey-Schroeder Pharm,1,370,14886170.0,0
Kozey-Schroeder Pharma Plc,1,372,14723207.0,0
Kreiger Inc ,1,337,15567095.0,0
Kreiger Inc Pharm,1,395,20444291.0,0
Kreiger Inc Pharma Plc,732,224,7063000.0,1
Kris LLC Pharm,1,431,20255777.0,0
Kris LLC Pharmaceutical Limited,1,409,13490977.0,0
Kris LLC Pharmaceutical Ltd,1,354,15762953.0,0
Kris LLC Pharmacy,1,364,18272447.0,0
"Kshlerin, Ryan and Leuschke ",1,422,16996416.0,0
"Kshlerin, Ryan and Leuschke Pharm",1,382,15476722.0,0
"Kshlerin, Ryan and Leuschke Pharma Plc",732,212,3293958.0,1
"Kub, Von and Herzog Pharmaceutical Limited",1,373,19622265.0,0
"Kub, Von and Herzog Pharmaceutical Ltd",1,369,17819138.0,0
"Kub, Von and Herzog Pharmacy",732,192,3602060.0,1
Kuhic LLC ,1,372,17671833.0,0
Kuhic LLC Pharma Plc,732,189,2423879.0,1
Kuhic LLC Pharmaceutical Limited,1,404,11710499.77551,0
Kunze PLC Pharm,732,214,3501226.0,1
Kunze PLC Pharma Plc,1,351,13453584.0,0
"Kuphal, D'Amore and Bode Pharm",1,409,28307927.0,0
"Kuphal, D'Amore and Bode Pharmaceutical Ltd",732,187,3400026.0,1
"Kuphal, D'Amore and Bode Pharmacy",1,418,15316826.0,0
"Kuphal, Herzog and Purdy ",1,421,40796789.0,0
"Kuphal, Herzog and Purdy Pharmaceutical Limited",1,392,24833458.0,0
"Kutch, Daniel and Ortiz Pharm",1,353,16809160.0,0
Kutch-Marks Pharm,732,191,3231751.0,1
Kutch-Marks Pharma Plc,1,395,15513302.0,0
Kutch-Marks Pharmaceutical Limited,1,385,20617497.0,0
"Langworth, Olson and Satterfield Pharm",1,385,15772110.0,0
"Langworth, Olson and Satterfield Pharmacy",1,366,31072449.0,0
Leannon-West ,1,408,17512900.0,0
Leannon-West Pharmaceutical Limited,1,371,25826483.0,0
Leannon-West Pharmacy,732,205,2559759.0,1
"Lebsack, Yost and Heller Pharma Plc",1,376,19922088.0,0
"Lebsack, Yost and Heller Pharmaceutical Limited",732,204,3206856.0,1
Leffler-Russel Pharm,732,220,2379629.0,1
Leffler-Russel Pharmaceutical Limited,1,420,25721319.0,0
Leffler-Russel Pharmaceutical Ltd,1,390,20622800.0,0
Legros-Runte Pharmaceutical Limited,1,374,16007135.102041,0
Legros-Runte Pharmaceutical Ltd,1,371,14770636.0,0
Lemke Ltd Pharm,732,186,2345679.0,1
Lemke Ltd Pharma Plc,1,400,20699395.0,0
Lemke Ltd Pharmaceutical Limited,1,404,15071628.0,0
Lesch PLC Pharma Plc,1,369,16539119.33198,0
Lesch PLC Pharmaceutical Ltd,732,213,3107873.0,1
Lesch PLC Pharmacy,732,189,3230884.0,1
Leuschke PLC Pharm,1,357,12135998.0,0
Leuschke PLC Pharmaceutical Ltd,1,382,17277381.0,0
Leuschke PLC Pharmacy,732,185,5137740.0,1
"Leuschke, Waters and Schowalter Pharma Plc",1,399,20001994.0,0
"Leuschke, Waters and Schowalter Pharmaceutical Ltd",732,206,4129060.0,1
"Leuschke, Waters and Schowalter Pharmacy",1,378,23867707.0,0
Lindgren-Simonis Pharm,732,211,4571771.0,1
Lindgren-Simonis Pharmacy,1,404,15471141.0,0
Lockman Ltd ,732,202,2957683.0,1
Lockman Ltd Pharm,1,392,14684247.0,0
Lockman Ltd Pharma Plc,1,398,17461646.0,0
Lockman-Welch ,1,387,15920169.0,0
Lockman-Welch Pharm,732,193,2837300.0,1
Lockman-Welch Pharmaceutical Limited,1,411,17335790.0,0
Mann-Waelchi Pharm,732,194,2728045.0,1
Mann-Waelchi Pharma Plc,1,422,17692534.0,0
Mann-Waelchi Pharmacy,1,397,18720448.0,0
Mante-Grady Pharm,732,214,3553977.0,1
Mante-Grady Pharma Plc,1,384,18523791.0,0
Mante-Grady Pharmaceutical Ltd,1,372,16037517.0,0
Marquardt PLC ,1,398,18752095.0,0
Marquardt PLC Pharmaceutical Ltd,1,373,13589800.0,0
Marquardt-Ryan Pharm,1,418,12679857.0,0
Marquardt-Ryan Pharma Plc,1,404,33961522.0,0
Marquardt-Ryan Pharmaceutical Ltd,732,175,3454170.0,1
Mayert-Weber ,1,381,15742177.0,0
Mayert-Weber Pharmaceutical Ltd,1,429,23393254.0,0
"McClure, Zemlak and Dibbert Pharma Plc",732,189,3536029.0,1
"McClure, Zemlak and Dibbert Pharmaceutical Limited",732,213,2530886.0,1
"McClure, Zemlak and Dibbert Pharmacy",1,358,13354207.0,0
McCullough LLC Pharma Plc,732,206,3408632.0,1
McCullough LLC Pharmaceutical Limited,1,391,13922199.0,0
McCullough LLC Pharmaceutical Ltd,1,370,26009596.0,0
McDermott Group Pharmaceutical Ltd,1,409,18297390.0,0
McDermott Group Pharmacy,1,392,15516544.0,0
McDermott Inc Pharma Plc,1,427,29943117.0,0
McDermott Inc Pharmacy,1,404,31550539.0,0
McKenzie-Zemlak Pharm,1,418,17622490.8,0
McKenzie-Zemlak Pharma Plc,1,393,28444161.0,0
Medhurst-Beer ,1,401,19090504.0,0
Medhurst-Beer Pharm,1,376,28268206.0,0
Medhurst-Beer Pharmaceutical Limited,732,157,3694840.0,1
Miller-Satterfield Pharm,1,388,16786054.0,0
Miller-Satterfield Pharma Plc,732,210,3091263.0,1
Miller-Satterfield Pharmaceutical Limited,1,420,21825298.0,0
Mills Inc Pharma Plc,732,195,4170514.0,1
Mills Inc Pharmaceutical Ltd,1,385,45939009.0,0
Mills Inc Pharmacy,1,385,24461745.0,0
"Moen, Murazik and Smith ",732,196,4581024.0,1
"Moen, Murazik and Smith Pharm",1,395,50885320.0,0
"Moen, Murazik and Smith Pharmaceutical Ltd",1,392,17536137.8882,0
Monahan Ltd ,732,191,2596736.0,1
Monahan Ltd Pharma Plc,1,392,22617294.0,0
Monahan Ltd Pharmaceutical Ltd,1,400,18213409.0,0
Moore PLC Pharm,1,344,11821594.0,0
Moore PLC Pharmaceutical Ltd,732,181,2513717.0,1
Mraz Group Pharma Plc,1,400,23133178.0,0
Mraz Group Pharmaceutical Limited,1,376,20423132.0,0
Mraz Group Pharmacy,732,212,3907690.0,1
Mraz-Kutch Pharm,732,199,2262808.0,1
Mraz-Kutch Pharma Plc,1,378,93561780.0,0
Mraz-Kutch Pharmacy,1,393,11938923.0,0
Murray PLC ,1,390,12013852.0,0
Murray PLC Pharma Plc,1,404,21289048.0,0
Nader-Borer Pharm,1,402,25575623.0,0
Nader-Borer Pharma Plc,732,230,5079190.0,1
Nader-Borer Pharmaceutical Limited,1,381,13453890.0,0
Nader-Gaylord Pharmaceutical Limited,732,205,3707047.0,1
Nader-Gaylord Pharmaceutical Ltd,732,229,6200373.0,1
Nader-Gaylord Pharmacy,1,372,17267414.0,0
"Nitzsche, Effertz and Maggio ",1,417,25339434.0,0
"Nitzsche, Effertz and Maggio Pharmaceutical Limited",1,418,23174533.0,0
"Nitzsche, Effertz and Maggio Pharmacy",732,224,5223760.0,1
"Nolan, DuBuque and Schultz ",1,434,16112843.0,0
"Nolan, DuBuque and Schultz Pharm",732,178,3343612.0,1
"Nolan, DuBuque and Schultz Pharmacy",1,396,18873464.0,0
Okuneva-Corkery ,732,192,2095542.0,1
Okuneva-Corkery Pharm,1,392,21323000.0,0
Okuneva-Corkery Pharma Plc,1,371,16840527.0,0
Ondricka Ltd ,1,369,16207564.0,0
Ondricka Ltd Pharmaceutical Ltd,1,345,12670917.0,0
Ondricka Ltd Pharmacy,732,187,4578864.0,1
"Ondricka, Rosenbaum and Beahan ",732,233,4642387.0,1
"Ondricka, Rosenbaum and Beahan Pharm",1,356,17649861.46154,0
Ondricka-Waters Pharmaceutical Limited,1,388,11726828.0,0
Ondricka-Waters Pharmaceutical Ltd,1,388,19729526.0,0
Osinski-Botsford Pharm,1,389,17335979.0,0
Osinski-Botsford Pharmacy,1,371,16144534.0,0
Osinski-Collins ,1,375,28011167.0,0
Osinski-Collins Pharma Plc,1,356,16098974.0,0
Osinski-Collins Pharmaceutical Ltd,732,212,3884234.8,1
Parisian Ltd Pharm,732,204,3381766.0,1
Parisian Ltd Pharma Plc,1,407,15635527.0,0
Parisian Ltd Pharmacy,1,378,14442606.0,0
"Parisian, Hagenes and Skiles Pharm",1,372,21430428.0,0
"Parisian, Hagenes and Skiles Pharma Plc",732,208,2946576.0,1
"Parisian, Hagenes and Skiles Pharmacy",1,350,13925511.0,0
"Parker, Green and Emmerich Pharma Plc",1,398,64890501.0,0
"Parker, Green and Emmerich Pharmacy",1,369,29336133.0,0
Paucek PLC ,1,364,16824928.0,0
Paucek PLC Pharm,1,396,15993869.0,0
"Paucek, Keeling and Bruen Pharm",732,190,2835262.0,1
"Paucek, Keeling and Bruen Pharma Plc",1,395,18632011.0,0
"Paucek, Keeling and Bruen Pharmaceutical Limited",1,393,16291044.0,0
Pfannerstill Group ,1,406,18414251.0,0
Pfannerstill Group Pharmaceutical Limited,1,390,16547668.0,0
Pfannerstill Group Pharmaceutical Ltd,732,180,2627854.0,1
"Pfannerstill, Upton and Balistreri Pharm",1,416,12344160.0,0
"Pfannerstill, Upton and Balistreri Pharmacy",1,360,17983292.0,0
Pfeffer-Hodkiewicz ,1,387,16313574.0,0
Pfeffer-Hodkiewicz Pharm,1,376,15917456.0,0
Pfeffer-Hodkiewicz Pharmaceutical Ltd,732,211,1679772.0,1
Pfeffer-Kirlin Pharmaceutical Limited,1,409,19226447.57143,0
Pfeffer-Kirlin Pharmacy,1,386,16240979.0,0
Powlowski-Buckridge ,1,380,21966431.0,0
Powlowski-Buckridge Pharma Plc,732,205,4039277.0,1
Powlowski-Buckridge Pharmacy,1,391,25692654.0,0
Predovic LLC Pharmaceutical Limited,1,410,35118268.0,0
Predovic LLC Pharmaceutical Ltd,1,376,18361211.0,0
"Prohaska, Bogisich and Gutkowski Pharm",1,405,19023462.0,0
"Prohaska, Bogisich and Gutkowski Pharmaceutical Limited",1,387,37037760.0,0
Prohaska-Kuhic Pharma Plc,1,396,17250473.0,0
Prohaska-Kuhic Pharmaceutical Limited,1,376,15249768.0,0
Prohaska-Kuhic Pharmacy,732,192,3101884.0,1
Purdy Ltd ,1,397,13411245.0,0
Purdy Ltd Pharm,1,366,20906037.0,0
Purdy Ltd Pharmaceutical Limited,732,190,5462556.0,1
Quigley-Heathcote Pharm,1,358,21522816.0,0
Quigley-Heathcote Pharmaceutical Ltd,1,365,28708135.0,0
Raynor LLC Pharm,1,378,21622957.0,0
Raynor LLC Pharmaceutical Limited,1,362,26220594.0,0
Raynor-Graham ,1,392,40464749.0,0
Raynor-Graham Pharma Plc,1,373,19343253.0,0
Raynor-Graham Pharmaceutical Limited,732,226,2624693.0,1
Reichel Inc ,1,358,43495626.0,0
Reichel Inc Pharm,1,382,15055189.0,0
Reilly Ltd ,732,186,3627565.0,1
Reilly Ltd Pharma Plc,1,420,21219227.30669,0
Reilly Ltd Pharmacy,1,425,34834844.0,0
Reinger Group Pharma Plc,1,359,17164814.0,0
Reinger Group Pharmaceutical Limited,1,385,18358327.0,0
"Reinger, Kihn and Goyette Pharma Plc",1,408,19778627.0,0
"Reinger, Kihn and Goyette Pharmaceutical Limited",1,341,22515286.0,0
"Reynolds, Jast and Mante ",1,410,21740500.0,0
"Reynolds, Jast and Mante Pharm",1,393,20640886.0,0
"Reynolds, Jast and Mante Pharma Plc",732,182,2595109.0,1
Ritchie-Rodriguez Pharm,732,210,4467582.0,1
Ritchie-Rodriguez Pharmacy,1,397,17239990.0,0
"Rodriguez, Stokes and Dickens ",1,371,20541665.0,0
"Rodriguez, Stokes and Dickens Pharma Plc",1,402,23460867.0,0
Rogahn-Klein Pharm,1,376,13172559.0,0
Rogahn-Klein Pharma Plc,1,422,23135473.0,0
Rogahn-Klein Pharmacy,732,216,2311818.0,1
Rohan Inc ,732,208,3926971.0,1
Rohan Inc Pharm,1,370,19951746.0,0
Rohan Inc Pharmaceutical Limited,1,390,22613614.0,0
Rohan PLC Pharmaceutical Limited,732,194,2521239.0,1
Rohan PLC Pharmacy,1,378,13978216.0,0
Rohan and Sons Pharma Plc,1,409,21305652.0,0
Rohan and Sons Pharmaceutical Limited,1,378,11842430.0,0
"Romaguera, Moen and Hagenes Pharm",1,401,21255149.0,0
"Romaguera, Moen and Hagenes Pharmaceutical Limited",732,188,3111337.0,1
"Romaguera, Moen and Hagenes Pharmacy",1,420,42066659.9681,0
Romaguera-Fay Pharmaceutical Limited,732,199,3329758.0,1
Romaguera-Fay Pharmaceutical Ltd,1,354,21247656.0,0
Roob PLC ,732,189,4390668.0,1
Roob PLC Pharm,1,415,20926781.0,0
Roob PLC Pharmaceutical Limited,1,393,22007985.0,0
"Roob, Ernser and Kub Pharmaceutical Limited",732,191,4206718.0,1
"Roob, Ernser and Kub Pharmaceutical Ltd",1,355,10990529.0,0
"Roob, Ernser and Kub Pharmacy",1,405,17692456.0,0
"Rosenbaum, Klein and Herzog ",732,195,2864547.0,1
"Rosenbaum, Klein and Herzog Pharma Plc",1,376,15130196.0,0
"Rosenbaum, Klein and Herzog Pharmaceutical Ltd",1,378,14918650.0,0
Rosenbaum-Tromp Pharm,1,376,14675189.0,0
Rosenbaum-Tromp Pharmacy,1,367,26339532.0,0
Rowe PLC ,1,410,15353117.0,0
Rowe PLC Pharm,1,373,21546337.0,0
Rowe PLC Pharmaceutical Ltd,732,204,2271736.0,1
"Runolfsson, Swaniawski and Jaskolski Pharmaceutical Limited",1,387,36479210.0,0
"Runolfsson, Swaniawski and Jaskolski Pharmacy",732,216,3043450.0,1
Runolfsson-Halvorson Pharm,1,407,31642569.0,0
Runolfsson-Halvorson Pharmacy,1,399,17223509.0,0
Runolfsson-Powlowski Pharmaceutical Limited,1,380,14949597.0,0
Runolfsson-Powlowski Pharmacy,1,391,30369421.0,0
Runte-Marquardt Pharm,1,382,17661974.0,0
Runte-Marquardt Pharmaceutical Ltd,732,201,3158566.0,1
Runte-Marquardt Pharmacy,1,361,21319134.0,0
Rutherford and Sons ,732,209,4480098.0,1
Rutherford and Sons Pharm,1,411,28046966.0,0
Rutherford and Sons Pharmaceutical Ltd,1,401,19824807.0,0
"Sanford, Franecki and Greenholt ",732,223,3070886.0,1
"Sanford, Franecki and Greenholt Pharma Plc",1,374,19908055.0,0
"Sanford, Franecki and Greenholt Pharmaceutical Ltd",1,400,20610430.0,0
Sauer and Sons ,1,372,13536070.0,0
Sauer and Sons Pharmaceutical Limited,732,208,2973298.0,1
Sauer and Sons Pharmacy,1,335,15935851.0,0
Sauer-Herzog Pharmaceutical Limited,1,370,23371565.0,0
Sauer-Herzog Pharmacy,1,388,16994328.0,0
Schaden-Hirthe ,1,354,12523819.0,0
Schaden-Hirthe Pharmaceutical Ltd,732,205,3352381.0,1
Schaefer Group ,1,373,23902163.2,0
Schaefer Group Pharmaceutical Limited,732,209,2989447.0,1
Schaefer Group Pharmaceutical Ltd,1,349,14974616.0,0
Schaefer LLC Pharma Plc,1,360,14407122.0,0
Schaefer LLC Pharmacy,732,189,2620098.0,1
Schaefer-Rolfson ,732,162,2631811.0,1
Schaefer-Rolfson Pharma Plc,1,389,15895407.0,0
Schaefer-Rolfson Pharmacy,1,414,25752521.0,0
Schimmel-Waelchi Pharma Plc,1,382,17911176.0,0
Schimmel-Waelchi Pharmaceutical Limited,1,422,18476676.0,0
Schimmel-Waelchi Pharmaceutical Ltd,732,210,2377130.0,1
"Schinner, Gaylord and Treutel Pharmaceutical Limited",1,354,11028227.0,0
"Schinner, Gaylord and Treutel Pharmaceutical Ltd",732,207,2690295.0,1
"Schinner, Gaylord and Treutel Pharmacy",1,380,12306464.0,0
Schmitt LLC Pharm,732,217,3341084.0,1
Schmitt LLC Pharma Plc,1,395,18286334.0,0
"Schmitt, Berge and Haley Pharma Plc",732,193,2384835.0,1
"Schmitt, Berge and Haley Pharmaceutical Ltd",1,386,19608106.0,0
"Schowalter, Runolfsson and VonRueden Pharmaceutical Limited",1,397,31069500.0,0
"Schowalter, Runolfsson and VonRueden Pharmaceutical Ltd",732,220,4480859.0,1
Schulist LLC Pharmaceutical Limited,1,372,21735153.778894,0
Schulist-Zulauf ,1,410,28393501.0,0
Schulist-Zulauf Pharm,732,195,2726406.0,1
Schulist-Zulauf Pharmaceutical Ltd,1,395,17355962.0,0
Schuppe Inc ,1,386,18530700.0,0
Schuppe Inc Pharm,1,397,25768671.0,0
Senger-Kirlin Pharma Plc,1,360,18104944.0,0
Senger-Kirlin Pharmaceutical Ltd,1,389,33714954.0,0
Senger-Kirlin Pharmacy,732,211,2918224.0,1
Sipes and Sons Pharma Plc,1,359,16316094.0,0
Sipes and Sons Pharmaceutical Limited,1,375,14964183.0,0
Skiles-McKenzie Pharmaceutical Limited,1,349,26418367.0,0
Skiles-McKenzie Pharmacy,1,408,18389344.0,0
Smith Inc Pharm,1,338,13889587.0,0
Smith Inc Pharmacy,1,403,30887275.0,0
Spencer-Jerde Pharmaceutical Limited,1,426,19269849.0,0
Spencer-Jerde Pharmacy,732,210,3830684.0,1
"Spinka, Schowalter and Conn ",1,440,21604758.0,0
"Spinka, Schowalter and Conn Pharma Plc",1,393,28704816.0,0
"Spinka, Schowalter and Conn Pharmaceutical Limited",732,193,3752993.0,1
Stanton-Cole ,732,181,3577304.0,1
Stanton-Cole Pharma Plc,1,389,16630149.0,0
Stanton-Cole Pharmacy,1,396,19043192.0,0
Stehr-Champlin Pharmaceutical Limited,732,220,2413607.0,1
Stehr-Champlin Pharmacy,1,377,37465602.0,0
Steuber Ltd Pharm,1,380,16006057.0,0
Steuber Ltd Pharmaceutical Limited,1,367,17510886.0,0
Steuber Ltd Pharmacy,732,193,2676869.0,1
"Steuber, Hills and Botsford ",1,404,22559996.0,0
"Steuber, Hills and Botsford Pharma Plc",1,361,17795955.0,0
"Steuber, Skiles and Kilback Pharma Plc",732,209,4178267.0,1
"Steuber, Skiles and Kilback Pharmaceutical Limited",1,377,20126180.0,0
"Steuber, Skiles and Kilback Pharmacy",1,401,21141286.0,0
Streich PLC ,1,362,44454616.0,0
Streich PLC Pharm,1,361,25646105.0,0
Streich PLC Pharmaceutical Limited,732,214,5287741.0,1
Terry-Kub Pharma Plc,1,395,17495713.0,0
Terry-Kub Pharmaceutical Ltd,1,400,18492869.0,0
Tillman Group Pharma Plc,1,376,22217841.0,0
Tillman Group Pharmaceutical Limited,1,381,12103140.0,0
Torp-Fisher ,1,351,24617043.0,0
Torp-Fisher Pharma Plc,732,221,4160580.0,1
"Torphy, Pfeffer and Jakubowski Pharm",1,385,41514215.0,0
"Torphy, Pfeffer and Jakubowski Pharmaceutical Ltd",1,405,13807772.0,0
"Towne, Cummerata and Blanda Pharm",732,177,4477560.0,1
"Towne, Cummerata and Blanda Pharmaceutical Limited",1,380,15651019.0,0
"Towne, Cummerata and Blanda Pharmaceutical Ltd",1,371,20408392.0,0
Trantow LLC Pharm,1,423,14220908.0,0
Trantow LLC Pharma Plc,732,183,3768587.0,1
Trantow LLC Pharmacy,1,388,24450589.0,0
Turner Ltd ,1,382,18452148.0,0
Turner Ltd Pharmacy,1,376,22473558.0,0
Upton PLC Pharma Plc,1,408,15306351.0,0
Upton PLC Pharmaceutical Limited,1,352,15827332.0,0
"Upton, Abernathy and Goodwin Pharm",1,407,16472204.0,0
"Upton, Abernathy and Goodwin Pharmaceutical Limited",1,368,12302834.0,0
"Upton, Abernathy and Goodwin Pharmaceutical Ltd",732,217,2971636.0,1
Vandervort LLC Pharm,1,387,14647896.0,0
Vandervort LLC Pharma Plc,732,212,4184133.0,1
Vandervort LLC Pharmaceutical Ltd,1,369,20964778.0,0
Veum and Sons Pharmaceutical Limited,1,395,26826785.0,0
Veum and Sons Pharmaceutical Ltd,1,406,26177593.0,0
Veum-Kerluke Pharma Plc,1,391,15752854.0,0
Veum-Kerluke Pharmacy,732,186,2832805.0,1
VonRueden-Adams Pharm,1,405,18137914.0,0
VonRueden-Adams Pharmaceutical Limited,1,396,14591022.0,0
Waelchi LLC Pharm,1,384,14555977.0,0
Waelchi LLC Pharmaceutical Limited,1,378,18456035.81377,0
Waelchi LLC Pharmacy,732,203,3168766.0,1
Walsh-Brown Pharma Plc,1,394,15306204.0,0
Walsh-Brown Pharmaceutical Ltd,1,369,21140465.658291,0
Walsh-Brown Pharmacy,732,198,4516298.0,1
Walter Ltd ,732,191,2232664.0,1
Walter Ltd Pharmaceutical Limited,1,358,13129692.52764,0
Ward Group Pharm,1,380,13188028.0,0
Ward Group Pharma Plc,1,399,20697185.0,0
Ward Group Pharmaceutical Limited,732,186,4787357.0,1
"Watsica, Larson and Labadie Pharma Plc",1,371,17505127.0,0
"Watsica, Larson and Labadie Pharmaceutical Ltd",1,402,30633647.0,0
Watsica-Kovacek Pharmaceutical Ltd,1,371,21523843.0,0
Watsica-Kovacek Pharmacy,1,390,21508807.0,0
Weber Ltd Pharmaceutical Ltd,1,436,16649251.0,0
Weber Ltd Pharmacy,1,370,13939423.0,0
Wehner-Stehr ,1,393,33097541.0,0
Wehner-Stehr Pharm,1,387,13605696.0,0
Welch-Langworth ,732,198,2674619.0,1
Welch-Langworth Pharm,1,391,13016333.0,0
Welch-Orn ,732,189,4375067.0,1
Welch-Orn Pharm,1,419,17144623.0,0
Welch-Orn Pharmacy,1,402,13905998.0,0
West Group Pharm,1,368,14837356.0,0
West Group Pharma Plc,1,407,13001329.0,0
West Group Pharmacy,732,191,2260025.0,1
White Inc Pharm,1,401,20542811.0,0
White Inc Pharmacy,1,389,14110472.0,0
"Wiegand, Jast and Yost ",1,390,15396422.0,0
"Wiegand, Jast and Yost Pharma Plc",732,164,1796446.0,1
"Wiegand, Jast and Yost Pharmaceutical Ltd",1,392,33075207.0,0
Will and Sons Pharma Plc,732,200,2547983.0,1
Will and Sons Pharmaceutical Limited,732,191,3773857.0,1
Will and Sons Pharmacy,1,386,21770674.0,0
"Will, McGlynn and Fritsch Pharmaceutical Limited",1,400,15624628.0,0
"Will, McGlynn and Fritsch Pharmaceutical Ltd",1,367,14912794.0,0
"Wintheiser, Breitenberg and Gottlieb ",1,383,16754942.0,0
"Wintheiser, Breitenberg and Gottlieb Pharma Plc",1,397,19647009.0,0
"Wintheiser, Breitenberg and Gottlieb Pharmaceutical Limited",732,191,4176930.0,1
"Wisozk, Brekke and Bartoletti ",1,386,14805318.0,0
"Wisozk, Brekke and Bartoletti Pharmacy",1,408,18179497.0,0
Wolff Group ,1,402,14111671.0,0
Wolff Group Pharm,732,202,2712648.0,1
Wolff Group Pharmaceutical Ltd,1,391,14092909.0,0
"Wuckert, Kreiger and Howell ",1,409,17876232.0,0
"Wuckert, Kreiger and Howell Pharma Plc",1,409,25290286.0,0
"Wunsch, Mills and Walter ",732,206,2757470.0,1
"Wunsch, Mills and Walter Pharm",1,384,21947346.0,0
"Wunsch, Mills and Walter Pharmaceutical Limited",1,374,23000519.0,0
"Yundt, Leuschke and Ward ",1,408,16091963.0,0
"Yundt, Leuschke and Ward Pharma Plc",1,350,18451676.0,0
"Yundt, Leuschke and Ward Pharmaceutical Ltd",732,202,3029636.0,1
Yundt-Crona Pharm,1,420,22630547.0,0
Yundt-Crona Pharmaceutical Ltd,732,210,2667767.0,1
Zemlak Group Pharm,1,372,30580526.0,0
Zemlak Group Pharmaceutical Limited,732,222,2228898.0,1
Zemlak Group Pharmacy,1,402,12872896.110553,0
Zemlak-Witting ,1,386,56006680.0,0
Zemlak-Witting Pharmaceutical Limited,1,369,11948953.0,0
Zemlak-Witting Pharmacy,732,213,3125023.0,1
"Zieme, Doyle and Kunze ",732,196,2726368.0,1
"Zieme, Doyle and Kunze Pharm",1,370,25305007.0,0
"Zieme, Doyle and Kunze Pharmacy",1,368,14150953.0,0
